FID_,FIPSSTCO,TRT2000,STFID,OID_,LSOA11CD,FIPSPLACEW,CENSUSPLW,LSOA_CODE,FIPSPLACER,CENSUCPLR,TRACTTOTRA,STFID_1,ID_ID,Distance
,11001,902,11001000902,263,E01026419,79952,1252,E01026855,50000,5,4,11001000902,1,0.001789
,11001,901,11001000901,1391,E01026420,79952,1252,E01026553,50000,5,4,11001000901,2,0.008338
,11001,1001,11001001001,2,E01026421,48376,772,E01026552,50000,5,4,11001001001,3,0.004716
,11001,1100,11001001100,2138,E01026422,79952,1252,E01026551,50000,5,15,11001001100,4,0.005623
,11001,801,11001000801,1,E01026423,48376,772,E01026805,50000,5,10,11001000801,5,0.011281
,11001,1401,11001001401,744,E01026424,79952,1252,E01026719,50000,5,4,11001001401,6,0.004588
,11001,1002,11001001002,743,E01026425,79952,1252,E01026722,50000,5,10,11001001002,7,0.00375
,11001,1402,11001001402,2143,E01026426,79952,1252,E01026724,50000,5,35,11001001402,8,0.000624
,11001,1200,11001001200,2139,E01026427,79952,1252,E01026738,50000,5,40,11001001200,9,0.004953
,11001,1302,11001001302,1393,E01026428,79952,1252,E01026720,50000,5,20,11001001302,10,0.004811
,11001,701,11001000701,739,E01026429,79952,1252,E01026721,50000,5,4,11001000701,11,0.001201
,11001,600,11001000600,2131,E01026430,79952,1252,E01026723,50000,5,25,11001000600,12,0.00637
,11001,702,11001000702,0,E01026431,48376,772,E01026739,50000,5,4,11001000702,13,0.004621
,11001,300,11001000300,261,E01026432,79952,1252,E01026800,50000,5,4,11001000300,14,0.004583
,11001,1803,11001001803,1395,E01026433,79952,1252,E01026642,50000,5,10,11001001803,15,0.003159
,11001,1701,11001001701,1394,E01026434,79952,1252,E01026616,50000,5,25,11001001701,16,0.002298
,11001,1804,11001001804,2148,E01026435,79952,1252,E01026709,50000,5,15,11001001804,17,0.002925
,11001,1901,11001001901,4,E01026436,48376,772,E01026715,50000,5,4,11001001901,18,0.004068
,11001,1301,11001001301,3,E01026437,48376,772,E01026717,50000,5,10,11001001301,19,0.007409
,11001,1500,11001001500,745,E01026438,79952,1252,E01026753,50000,5,20,11001001500,20,0.011925
,11001,2001,11001002001,2150,E01026439,79952,1252,E01026761,50000,5,4,11001002001,21,0.000394
,11001,2600,11001002600,267,E01026440,79952,1252,E01026711,50000,5,4,11001002600,22,0.006092
,11001,501,11001000501,738,E01026441,79952,1252,E01026714,50000,5,4,11001000501,23,0.001245
,11001,4100,11001004100,271,E01026442,79952,1252,E01026754,50000,5,10,11001004100,24,0.001871
,11001,4001,11001004001,749,E01026443,79952,1252,E01026713,50000,5,4,11001004001,25,0.002562
,11001,4002,11001004002,750,E01026444,79952,1252,E01026756,50000,5,4,11001004002,26,0.003131
,11001,4202,11001004202,1406,E01026445,79952,1252,E01026716,50000,5,4,11001004202,27,0.002197
,11001,2701,11001002701,268,E01026446,79952,1252,E01026718,50000,5,10,11001002701,28,0.005028
,11001,2702,11001002702,269,E01026447,79952,1252,E01026712,50000,5,10,11001002702,29,0.00546
,11001,3900,11001003900,1403,E01026448,79952,1252,E01026752,50000,5,15,11001003900,30,0.007403
,11001,3800,11001003800,748,E01026449,79952,1252,E01026904,50000,5,15,11001003800,31,0.002701
,11001,4300,11001004300,272,E01026450,79952,1252,E01026907,50000,5,15,11001004300,32,0.002147
,11001,4201,11001004201,1405,E01026451,79952,1252,E01026946,50000,5,20,11001004201,33,0.002348
,11001,2101,11001002101,746,E01026452,79952,1252,E01026930,50000,5,10,11001002101,34,0.003599
,11001,2002,11001002002,5,E01026453,48376,772,E01026938,50000,5,4,11001002002,35,0.003522
,11001,1902,11001001902,2149,E01026454,79952,1252,E01026916,50000,5,4,11001001902,36,0.006742
,11001,2502,11001002502,1398,E01026455,79952,1252,E01026626,50000,5,4,11001002502,37,0.005189
,11001,2400,11001002400,2154,E01026456,79952,1252,E01026897,50000,5,4,11001002400,38,0.00158
,11001,2301,11001002301,2153,E01026457,79952,1252,E01026817,50000,5,25,11001002301,39,0.002203
,11001,2102,11001002102,265,E01026458,79952,1252,E01026615,50000,5,4,11001002102,40,0.000576
,11001,9505,11001009505,763,E01026459,79952,1252,E01026621,50000,5,15,11001009505,41,0.00001
,11001,9501,11001009501,2207,E01026461,79952,1252,E01026799,50000,5,15,11001009501,42,0.004487
,11001,2900,11001002900,747,E01026462,79952,1252,E01026906,50000,5,10,11001002900,43,0.003194
,11001,3100,11001003100,1401,E01026464,79952,1252,E01026929,50000,5,4,11001003100,44,0.001118
,11001,3000,11001003000,1400,E01026465,79952,1252,E01026886,50000,5,10,11001003000,45,0.003654
,11001,3600,11001003600,270,E01026466,79952,1252,E01026909,50000,5,10,11001003600,46,0.004235
,11001,3500,11001003500,2162,E01026467,79952,1252,E01026561,50000,5,10,11001003500,47,0.000932
,11001,4400,11001004400,6,E01026468,48376,772,E01026871,50000,5,4,11001004400,48,0.003434
,11001,3400,11001003400,2161,E01026469,79952,1252,E01026581,50000,5,10,11001003400,49,0.00442
,11001,3302,11001003302,1402,E01026470,79952,1252,E01026592,50000,5,4,11001003302,50,0.001962
,11001,9203,11001009203,2204,E01026471,79952,1252,E01026598,50000,5,30,11001009203,51,0.00353
,11001,202,11001000202,737,E01026472,79952,1252,E01026595,50000,5,4,11001000202,52,0.00105
,11001,100,11001000100,260,E01026473,79952,1252,E01026758,50000,5,10,11001000100,53,0.002049
,11001,5600,11001005600,753,E01026474,79952,1252,E01026820,50000,5,10,11001005600,54,0.000675
,11001,5500,11001005500,1233,E01026475,23984,423,E01026757,50000,5,10,11001005500,55,0.003689
,11001,5401,11001005401,1412,E01026476,79952,1252,E01026736,50000,5,10,11001005401,56,0.001581
,11001,5302,11001005302,2174,E01026477,79952,1252,E01026760,50000,5,4,11001005302,57,0.001661
,11001,5201,11001005201,7,E01026478,48376,772,E01026893,50000,5,10,11001005201,58,0.002227
,11001,5301,11001005301,752,E01026479,79952,1252,E01026894,50000,5,15,11001005301,59,0.002324
,11001,5202,11001005202,1410,E01026480,79952,1252,E01026895,50000,5,4,11001005202,60,0.001316
,11001,5000,11001005000,2034,E01026481,48376,772,E01026927,50000,5,10,11001005000,61,0.002473
,11001,4902,11001004902,1408,E01026483,79952,1252,E01026846,50000,5,4,11001004902,62,0.000423
,11001,4700,11001004700,2170,E01026484,79952,1252,E01026788,50000,5,30,11001004700,63,0.001023
,11001,6001,11001006001,1414,E01026485,79952,1252,E01026774,50000,5,10,11001006001,64,0.000074
,11001,7302,11001007302,1419,E01026486,79952,1252,E01026775,50000,5,10,11001007302,65,0.004311
,11001,7301,11001007301,276,E01026487,79952,1252,E01026660,50000,5,4,11001007301,66,0.012295
,11001,9807,11001009807,1430,E01026488,79952,1252,E01026673,50000,5,10,11001009807,67,0.003333
,11001,9808,11001009808,764,E01026489,79952,1252,E01026654,50000,5,4,11001009808,68,0.004069
,11001,2202,11001002202,266,E01026490,79952,1252,E01026655,50000,5,4,11001002202,69,0.000837
,11001,9509,11001009509,283,E01026491,79952,1252,E01026661,50000,5,4,11001009509,70,0.0016
,11001,9503,11001009503,1235,E01026492,23984,423,E01026662,50000,5,10,11001009503,71,0.000088
,11001,8702,11001008702,760,E01026493,79952,1252,E01026669,50000,5,4,11001008702,72,0.004298
,11001,9204,11001009204,762,E01026494,79952,1252,E01026670,50000,5,15,11001009204,73,0.00286
,11001,9301,11001009301,1428,E01026495,79952,1252,E01026671,50000,5,4,11001009301,74,0.00593
,11001,9302,11001009302,2206,E01026496,79952,1252,E01026672,50000,5,15,11001009302,75,0.002064
,11001,9400,11001009400,282,E01026497,79952,1252,E01026675,50000,5,10,11001009400,76,0.00219
,11001,9101,11001009101,2203,E01026498,79952,1252,E01026667,50000,5,4,11001009101,77,0.001144
,11001,8500,11001008500,1426,E01026499,79952,1252,E01026678,50000,5,20,11001008500,78,0.003053
,11001,8301,11001008301,2198,E01026500,79952,1252,E01026567,50000,5,15,11001008301,79,0.003151
,11001,8302,11001008302,9,E01026501,48376,772,E01026780,50000,5,10,11001008302,80,0.003942
,11001,8200,11001008200,758,E01026502,79952,1252,E01026839,50000,5,10,11001008200,81,0.000091
,11001,6600,11001006600,1415,E01026503,79952,1252,E01026557,50000,5,4,11001006600,82,0.000241
,11001,8100,11001008100,757,E01026504,79952,1252,E01026919,50000,5,10,11001008100,83,0.001244
,11001,8402,11001008402,759,E01026505,79952,1252,E01026920,50000,5,4,11001008402,84,0.001576
,11001,8802,11001008802,761,E01026506,79952,1252,E01026926,50000,5,10,11001008802,85,0.002521
,11001,8903,11001008903,1427,E01026507,79952,1252,E01026585,50000,5,10,11001008903,86,0.002656
,11001,7901,11001007901,278,E01026508,79952,1252,E01026586,50000,5,15,11001007901,87,0.00301
,11001,6700,11001006700,754,E01026509,79952,1252,E01026603,50000,5,20,11001006700,88,0.000025
,11001,8002,11001008002,279,E01026510,79952,1252,E01026674,50000,5,10,11001008002,89,0.001059
,11001,6900,11001006900,274,E01026511,79952,1252,E01026584,50000,5,4,11001006900,90,0.002386
,11001,8904,11001008904,281,E01026512,79952,1252,E01026652,50000,5,4,11001008904,91,0.002346
,11001,6804,11001006804,755,E01026513,79952,1252,E01026668,50000,5,70,11001006804,92,0.000372
,11001,7601,11001007601,2188,E01026514,79952,1252,E01026677,50000,5,10,11001007601,93,0.001686
,11001,7605,11001007605,277,E01026515,79952,1252,E01026679,50000,5,4,11001007605,94,0.008596
,11001,7604,11001007604,1421,E01026516,79952,1252,E01026653,50000,5,10,11001007604,95,0.004037
,11001,7304,11001007304,2184,E01026517,79952,1252,E01026639,50000,5,15,11001007304,96,0.01187
,11001,9806,11001009806,1236,E01026518,23984,423,E01026792,50000,5,10,11001009806,97,0.004648
,11001,7404,11001007404,2185,E01026519,79952,1252,E01026793,50000,5,4,11001007404,98,0.003134
,11001,7504,11001007504,2187,E01026520,79952,1252,E01026848,50000,5,15,11001007504,99,0.006842
,11001,7408,11001007408,2186,E01026521,79952,1252,E01026786,50000,5,10,11001007408,100,0.002077
,11001,7409,11001007409,1420,E01026522,79952,1252,E01026870,50000,5,10,11001007409,101,0.006102
,24033,801807,24033801807,386,E01026523,79952,1252,E01026542,38975,495,20,24033801807,102,0.012771
,11001,9603,11001009603,2209,E01026524,79952,1252,E01026745,50000,5,10,11001009603,103,0.00205
,11001,7803,11001007803,1422,E01026525,79952,1252,E01026744,50000,5,4,11001007803,104,0.003285
,11001,7809,11001007809,2192,E01026526,79952,1252,E01026880,50000,5,4,11001007809,105,0.008067
,11001,9906,11001009906,2212,E01026527,79952,1252,E01026889,50000,5,10,11001009906,106,0.001769
,11001,9904,11001009904,2211,E01026528,79952,1252,E01026915,50000,5,10,11001009904,107,0.00448
,11001,9902,11001009902,1431,E01026529,79952,1252,E01026563,50000,5,4,11001009902,108,0.008075
,11001,7808,11001007808,2191,E01026530,79952,1252,E01026648,50000,5,4,11001007808,109,0.002954
,11001,6500,11001006500,2179,E01026531,79952,1252,E01026882,50000,5,30,11001006500,110,0.0029
,11001,7000,11001007000,8,E01026532,48376,772,E01026921,50000,5,4,11001007000,111,0.00208
,11001,5900,11001005900,1234,E01026533,23984,423,E01026940,50000,5,10,11001005900,112,0.000129
,11001,502,11001000502,1388,E01026534,79952,1252,E01026924,50000,5,15,11001000502,113,0.00447
,11001,7100,11001007100,275,E01026535,79952,1252,E01026627,50000,5,4,11001007100,114,0.000093
,11001,8001,11001008001,1423,E01026536,79952,1252,E01026628,50000,5,4,11001008001,115,0.004019
,11001,802,11001000802,262,E01026537,79952,1252,E01026630,50000,5,4,11001000802,116,0.003653
,11001,7709,11001007709,2190,E01026538,79952,1252,E01026643,50000,5,15,11001007709,117,0.000411
,24003,740500,24003740500,774,E01026539,79952,1252,E01026629,99999,9999,35,24003740500,118,0.002076
,24003,740104,24003740104,2244,E01026540,79952,1252,E01026885,71150,884,15,24003740104,119,0.009638
,24003,750400,24003750400,1237,E01026541,23984,423,E01026755,47125,577,4,24003750400,120,0.002927
,24003,750801,24003750801,2252,E01026542,79952,1252,E01026685,28075,344,4,24003750801,121,0.002187
,24003,730503,24003730503,2236,E01026543,79952,1252,E01026691,73550,922,10,24003730503,122,0.005573
,24003,708000,24003708000,2235,E01026544,79952,1252,E01026812,99999,9999,4,24003708000,123,0.002108
,24003,730604,24003730604,1445,E01026545,79952,1252,E01026830,71200,885,10,24003730604,124,0.016909
,24003,730700,24003730700,2239,E01026546,79952,1252,E01026831,71200,885,4,24003730700,125,0.012267
,24003,731103,24003731103,773,E01026547,79952,1252,E01026694,99999,9999,10,24003731103,126,0.009222
,24003,702402,24003702402,2229,E01026548,79952,1252,E01026819,60325,751,15,24003702402,127,0.004019
,24003,701101,24003701101,2225,E01026549,79952,1252,E01026835,66400,832,4,24003701101,128,0.01275
,24003,701102,24003701102,285,E01026550,79952,1252,E01026810,47925,592,25,24003701102,129,0.006332
,24003,706500,24003706500,1442,E01026551,79952,1252,E01026730,1600,11,15,24003706500,130,0.003204
,24003,706402,24003706402,1441,E01026552,79952,1252,E01026587,1600,11,10,24003706402,131,0.011613
,24003,706101,24003706101,2233,E01026553,79952,1252,E01026590,1600,11,4,24003706101,132,0.001298
,24003,701400,24003701400,1439,E01026554,79952,1252,E01026838,99999,9999,4,24003701400,133,0.002635
,24003,702601,24003702601,1440,E01026555,79952,1252,E01026804,39300,502,10,24003702601,134,0.036184
,24003,702602,24003702602,14,E01026556,48376,772,E01026836,99999,9999,10,24003702602,135,0.066354
,24003,707002,24003707002,772,E01026557,79952,1252,E01026849,22050,250,10,24003707002,136,0.041879
,24003,740700,24003740700,2249,E01026558,79952,1252,E01026682,58300,710,10,24003740700,137,0.025967
,24003,731303,24003731303,2242,E01026559,79952,1252,E01026814,99999,9999,10,24003731303,138,0.024266
,24003,702500,24003702500,2230,E01026560,79952,1252,E01026683,99999,9999,4,24003702500,139,0.015004
,24003,731001,24003731001,289,E01026561,79952,1252,E01026803,12912,124,4,24003731001,140,0.014559
,24003,740301,24003740301,290,E01026562,79952,1252,E01026925,71150,884,10,24003740301,141,0.004908
,24003,740601,24003740601,2248,E01026563,79952,1252,E01026858,29400,349,4,24003740601,142,0.011074
,24003,731311,24003731311,2035,E01026564,48376,772,E01026903,34975,437,10,24003731311,143,0.007248
,24003,702700,24003702700,2232,E01026565,79952,1252,E01026861,60325,751,15,24003702700,144,0.017458
,24003,730601,24003730601,1444,E01026566,79952,1252,E01026935,71200,885,10,24003730601,145,0.011571
,24003,702202,24003702202,286,E01026567,79952,1252,E01026898,20875,243,4,24003702202,146,0.014841
,24003,740103,24003740103,2243,E01026568,79952,1252,E01026905,71150,884,4,24003740103,147,0.008487
,24003,740800,24003740800,2250,E01026569,79952,1252,E01026910,99999,9999,10,24003740800,148,0.001734
,24003,701300,24003701300,771,E01026570,79952,1252,E01026564,99999,9999,10,24003701300,149,0.027347
,24003,730504,24003730504,1443,E01026571,79952,1252,E01026638,73550,922,10,24003730504,150,0.017101
,24005,402507,24005402507,291,E01026572,79952,1252,E01026647,59425,740,10,24005402507,151,0.019365
,24005,410100,24005410100,292,E01026573,79952,1252,E01033036,99999,9999,10,24005410100,152,0.026371
,24005,404202,24005404202,2257,E01026574,79952,1252,E01026863,59425,740,15,24005404202,153,0.012683
,24005,403400,24005403400,775,E01026575,79952,1252,E01026866,61400,765,4,24005403400,154,0.001157
,24005,403802,24005403802,776,E01026576,79952,1252,E01026874,61400,765,4,24005403802,155,0.01007
,24005,403500,24005403500,1447,E01026577,79952,1252,E01026873,61400,765,4,24005403500,156,0.010622
,24005,402403,24005402403,2254,E01026578,79952,1252,E01026523,47450,579,4,24005402403,157,0.006063
,24005,408505,24005408505,2258,E01026579,79952,1252,E01026555,48900,597,4,24005408505,158,0.006572
,24005,490301,24005490301,1450,E01026580,79952,1252,E01026601,78425,975,15,24005490301,159,0.003143
,24005,491702,24005491702,1451,E01026581,79952,1252,E01026818,13325,129,4,24005491702,160,0.008846
,24005,451500,24005451500,2259,E01026582,79952,1252,E01026735,52300,615,4,24005451500,161,0.009771
,24005,451600,24005451600,2260,E01026583,79952,1252,E01026931,52300,615,4,24005451600,162,0.004773
,24027,602700,24027602700,2318,E01026584,79952,1252,E01026892,26000,325,4,24027602700,163,0.014546
,24005,420900,24005420900,293,E01026585,79952,1252,E01026945,23975,275,4,24005420900,164,0.010559
,24005,452400,24005452400,2261,E01026586,79952,1252,E01026947,23975,275,4,24005452400,165,0.000517
,24005,403702,24005403702,2256,E01026587,79952,1252,E01033436,31625,401,4,24005403702,166,0.005753
,24005,490400,24005490400,2262,E01026588,79952,1252,E01033042,78425,975,4,24005490400,167,0.008828
,24005,402603,24005402603,2255,E01026589,79952,1252,E01033434,64950,820,10,24005402603,168,0.013455
,24005,403701,24005403701,1449,E01026590,79952,1252,E01026856,31625,401,10,24005403701,169,0.001829
,24005,490800,24005490800,2263,E01026591,79952,1252,E01026911,78425,975,4,24005490800,170,0.006939
,24005,400400,24005400400,2253,E01026592,79952,1252,E01026609,14125,140,15,24005400400,171,0.003576
,24005,403602,24005403602,1448,E01026593,79952,1252,E01026943,61400,765,10,24005403602,172,0.004506
,24009,861001,24009861001,2269,E01026594,79952,1252,E01026937,99999,9999,10,24009861001,173,0.022717
,24009,861002,24009861002,2270,E01026595,79952,1252,E01026900,16062,167,10,24009861002,174,0.026208
,24009,860102,24009860102,2265,E01026596,79952,1252,E01026942,99999,9999,4,24009860102,175,0.006876
,24009,860300,24009860300,777,E01026597,79952,1252,E01026901,59375,739,4,24009860300,176,0.029177
,24009,860402,24009860402,778,E01026598,79952,1252,E01026631,15925,160,4,24009860402,177,0.022018
,24009,860600,24009860600,297,E01026599,79952,1252,E01026646,99999,9999,4,24009860600,178,0.014268
,24009,860502,24009860502,779,E01026600,79952,1252,E01026632,99999,9999,10,24009860502,179,0.033609
,24009,860501,24009860501,296,E01026601,79952,1252,E01026541,41037,506,4,24009860501,180,0.003464
,24009,860401,24009860401,295,E01026602,79952,1252,E01026578,99999,9999,4,24009860401,181,0.002065
,24009,860101,24009860101,294,E01026603,79952,1252,E01026550,24062,277,4,24009860101,182,0.016766
,24009,860900,24009860900,1453,E01026604,79952,1252,E01026579,99999,9999,4,24009860900,183,0.017547
,24009,860703,24009860703,15,E01026605,48376,772,E01026419,99999,9999,15,24009860703,184,0.00389
,24013,511000,24013511000,16,E01026606,48376,772,E01026420,99999,9999,4,24013511000,185,0.006251
,24013,514100,24013514100,2273,E01026607,79952,1252,E01026421,99999,9999,4,24013514100,186,0.00363
,24013,513000,24013513000,2271,E01026608,79952,1252,E01026424,53875,645,10,24013513000,187,0.01645
,24017,851002,24017851002,782,E01026609,79952,1252,E01026429,45750,550,10,24017851002,188,0.00142
,24017,850802,24017850802,1458,E01026610,79952,1252,E01026431,99999,9999,4,24017850802,189,0.017791
,24017,850705,24017850705,1238,E01026611,23984,423,E01026432,69350,858,10,24017850705,190,0.016353
,24017,850905,24017850905,2286,E01026612,79952,1252,E01026436,69350,858,30,24017850905,191,0.009998
,24017,851400,24017851400,1461,E01026613,79952,1252,E01026439,99999,9999,4,24017851400,192,0.022749
,24017,850300,24017850300,18,E01026614,48376,772,E01026440,99999,9999,4,24017850300,193,0.011797
,24017,850100,24017850100,780,E01026615,79952,1252,E01026441,10925,111,4,24017850100,194,0.001333
,24017,850701,24017850701,1456,E01026616,79952,1252,E01026443,6615,54,4,24017850701,195,0.002687
,24017,850901,24017850901,781,E01026617,79952,1252,E01026444,69350,858,10,24017850901,196,0.008991
,24017,850202,24017850202,17,E01026618,48376,772,E01026445,63375,793,4,24017850202,197,0.00741
,24017,850704,24017850704,2282,E01026619,79952,1252,E01026453,69350,858,25,24017850704,198,0.021563
,24017,850702,24017850702,1457,E01026620,79952,1252,E01026454,81175,1005,15,24017850702,199,0.003879
,24017,850100,24017850100,780,E01026621,79952,1252,E01026455,10925,111,4,24017850100,200,0.006089
,24017,850400,24017850400,2277,E01026622,79952,1252,E01026456,99999,9999,4,24017850400,201,0.011699
,24017,850500,24017850500,1455,E01026623,79952,1252,E01026458,99999,9999,10,24017850500,202,0.020944
,24017,850902,24017850902,1459,E01026624,79952,1252,E01026464,69350,858,10,24017850902,203,0.009497
,24017,851300,24017851300,1460,E01026625,79952,1252,E01026468,99999,9999,15,24017851300,204,0.01187
,24021,752600,24021752600,302,E01026626,79952,1252,E01026470,9100,87,10,24021752600,205,0.011335
,24021,751200,24021751200,300,E01026627,79952,1252,E01026472,30325,355,4,24021751200,206,0.029582
,24021,750502,24021750502,2290,E01026628,79952,1252,E01026477,30325,355,4,24021750502,207,0.006018
,24021,750501,24021750501,298,E01026629,79952,1252,E01026480,30325,355,10,24021750501,208,0.006562
,24021,750600,24021750600,1462,E01026630,79952,1252,E01026483,30325,355,4,24021750600,209,0.006441
,24021,751700,24021751700,20,E01026631,48376,772,E01026487,47043,575,4,24021751700,210,0.00334
,24021,751900,24021751900,2297,E01026632,79952,1252,E01026489,47043,575,25,24021751900,211,0.006207
,24021,751800,24021751800,785,E01026633,79952,1252,E01026490,99999,9999,4,24021751800,212,0.039435
,24021,752500,24021752500,2301,E01026634,79952,1252,E01026491,99999,9999,20,24021752500,213,0.001789
,24021,752300,24021752300,1465,E01026635,79952,1252,E01026493,99999,9999,10,24021752300,214,0.019475
,24021,752800,24021752800,2305,E01026636,79952,1252,E01026495,54875,657,4,24021752800,215,0.015239
,24021,751300,24021751300,2293,E01026637,79952,1252,E01026498,99999,9999,20,24021751300,216,0.015677
,24021,752000,24021752000,786,E01026638,79952,1252,E01026503,35412,447,10,24021752000,217,0.00273
,24021,753200,24021753200,1467,E01026639,79952,1252,E01026505,26200,330,4,24021753200,218,0.0065
,24021,751500,24021751500,1463,E01026640,79952,1252,E01026511,86750,1060,4,24021751500,219,0.000142
,24021,751600,24021751600,301,E01026641,79952,1252,E01026512,99999,9999,4,24021751600,220,0.005433
,24021,751000,24021751000,2292,E01026642,79952,1252,E01026515,3800,23,30,24021751000,221,0.005447
,24021,750200,24021750200,783,E01026643,79952,1252,E01026519,30325,355,4,24021750200,222,0.001578
,24021,753000,24021753000,2306,E01026644,79952,1252,E01026525,77825,965,4,24021753000,223,0.003636
,24021,753100,24021753100,788,E01026645,79952,1252,E01026526,99999,9999,4,24021753100,224,0.005619
,24021,751700,24021751700,20,E01026646,48376,772,E01026529,47043,575,4,24021751700,225,0.006741
,24021,752100,24021752100,1464,E01026647,79952,1252,E01026530,35412,447,10,24021752100,226,0.006669
,24033,801309,24033801309,2560,E01026648,79952,1252,E01026532,29525,353,4,24033801309,227,0.016003
,24025,303201,24025303201,2309,E01026649,79952,1252,E01026535,99999,9999,10,24025303201,228,0.015663
,24027,604002,24027604002,23,E01026650,48376,772,E01026536,99999,9999,4,24027604002,229,0.021707
,24027,603000,24027603000,1469,E01026651,79952,1252,E01026537,99999,9999,20,24027603000,230,0.00242
,24027,602200,24027602200,1468,E01026652,79952,1252,E01026773,26000,325,4,24027602200,231,0.007832
,24027,602305,24027602305,22,E01026653,48376,772,E01026423,26000,325,15,24027602305,232,0.015738
,24027,606601,24027606601,1240,E01026654,23984,423,E01026425,19125,227,10,24027606601,233,0.00686
,24027,606803,24027606803,25,E01026655,48376,772,E01026433,19125,227,10,24027606803,234,0.009054
,24027,606802,24027606802,1475,E01026656,79952,1252,E01026437,56725,692,10,24027606802,235,0.001642
,24027,606903,24027606903,1241,E01026659,23984,423,E01026442,56725,692,4,24027606903,236,0.00181
,24027,606603,24027606603,1472,E01026660,79952,1252,E01026446,19125,227,4,24027606603,237,0.009206
,24027,606604,24027606604,2325,E01026661,79952,1252,E01026447,19125,227,10,24027606604,238,0.007003
,24027,606605,24027606605,1473,E01026662,79952,1252,E01026452,19125,227,10,24027606605,239,0.007645
,24027,601101,24027601101,789,E01026663,79952,1252,E01026462,99999,9999,15,24027601101,240,0.019189
,24027,606901,24027606901,1476,E01026664,79952,1252,E01026465,70487,870,10,24027606901,241,0.001668
,24027,606902,24027606902,26,E01026665,48376,772,E01026466,70487,870,4,24027606902,242,0.007061
,24027,606703,24027606703,1474,E01026666,79952,1252,E01026467,99999,9999,4,24027606703,243,0.009798
,24027,605402,24027605402,2321,E01026667,79952,1252,E01026469,19125,227,15,24027605402,244,0.011318
,24027,602306,24027602306,2317,E01026668,79952,1252,E01026473,26000,325,4,24027602306,245,0.010461
,24027,605502,24027605502,305,E01026669,79952,1252,E01026474,19125,227,10,24027605502,246,0.013006
,24027,605503,24027605503,2323,E01026670,79952,1252,E01026475,19125,227,10,24027605503,247,0.007596
,24027,605501,24027605501,790,E01026671,79952,1252,E01026476,19125,227,10,24027605501,248,0.010604
,24027,605602,24027605602,1471,E01026672,79952,1252,E01026478,19125,227,10,24027605602,249,0.011453
,24027,606701,24027606701,306,E01026673,79952,1252,E01026481,19125,227,4,24027606701,250,0.008418
,24027,601202,24027601202,2037,E01026674,48376,772,E01026485,25750,312,10,24027601202,251,0.001052
,24027,605601,24027605601,24,E01026675,48376,772,E01026486,19125,227,10,24027605601,252,0.017792
,24027,605102,24027605102,304,E01026676,79952,1252,E01026488,99999,9999,10,24027605102,253,0.005839
,24027,602302,24027602302,21,E01026677,48376,772,E01026492,26000,325,4,24027602302,254,0.002632
,24027,606804,24027606804,2332,E01026678,79952,1252,E01026497,19125,227,35,24027606804,255,0.007217
,24027,601102,24027601102,1239,E01026679,23984,423,E01026501,26000,325,10,24027601102,256,0.000771
,24029,950500,24029950500,2336,E01026680,79952,1252,E01026502,67400,845,4,24029950500,257,0.027123
,24031,700500,24031700500,29,E01026681,48376,772,E01026504,62850,785,4,24031700500,258,0.014882
,24031,700310,24031700310,2348,E01026682,79952,1252,E01026506,32025,402,15,24031700310,259,0.006973
,24031,700819,24031700819,38,E01026683,48376,772,E01026507,32025,402,20,24031700819,260,0.002292
,24031,700809,24031700809,36,E01026684,48376,772,E01026510,99999,9999,10,24031700809,261,0.015785
,24031,700712,24031700712,35,E01026685,48376,772,E01026514,31175,385,4,24031700712,262,0.001792
,24031,700713,24031700713,2040,E01026686,48376,772,E01026516,53325,632,10,24031700713,263,0.009599
,24031,700812,24031700812,324,E01026687,79952,1252,E01026518,53325,632,20,24031700812,264,0.022019
,24031,706008,24031706008,378,E01026688,79952,1252,E01026521,63300,792,15,24031706008,265,0.005291
,24031,700206,24031700206,311,E01026689,79952,1252,E01026522,99999,9999,10,24031700206,266,0.010421
,24031,700714,24031700714,1497,E01026690,79952,1252,E01026524,99999,9999,10,24031700714,267,0.000162
,24031,700708,24031700708,804,E01026691,79952,1252,E01026527,31175,385,4,24031700708,268,0.00745
,24031,700710,24031700710,1495,E01026692,79952,1252,E01026528,65312,823,4,24031700710,269,0.007293
,24031,701306,24031701306,2416,E01026693,79952,1252,E01026533,58900,725,10,24031701306,270,0.024422
,24031,700817,24031700817,814,E01026694,79952,1252,E01026422,31175,385,10,24031700817,271,0.002632
,24031,701209,24031701209,338,E01026695,79952,1252,E01026435,99999,9999,10,24031701209,272,0.019071
,24031,701211,24031701211,1521,E01026696,79952,1252,E01026448,99999,9999,4,24031701211,273,0.005893
,24031,701005,24031701005,41,E01026697,48376,772,E01026449,67675,850,4,24031701005,274,0.002043
,24031,706007,24031706007,870,E01026698,79952,1252,E01026450,63300,792,4,24031706007,275,0.018702
,24031,700901,24031700901,1509,E01026699,79952,1252,E01026459,67675,850,4,24031700901,276,0.002151
,24031,700902,24031700902,329,E01026700,79952,1252,E01026461,67675,850,4,24031700902,277,0.005985
,24031,701102,24031701102,335,E01026701,79952,1252,E01026479,67675,850,15,24031701102,278,0.004614
,24031,701101,24031701101,42,E01026702,48376,772,E01026494,67675,850,4,24031701101,279,0.004186
,24031,701206,24031701206,337,E01026703,79952,1252,E01026496,63300,792,15,24031701206,280,0.012963
,24031,701205,24031701205,822,E01026704,79952,1252,E01026500,56337,677,10,24031701205,281,0.007873
,24031,700905,24031700905,330,E01026705,79952,1252,E01026508,67675,850,25,24031700905,282,0.008084
,24031,701204,24031701204,1518,E01026706,79952,1252,E01026517,56337,677,30,24031701204,283,0.005498
,24031,701213,24031701213,339,E01026707,79952,1252,E01026520,56337,677,10,24031701213,284,0.006149
,24031,706009,24031706009,379,E01026708,79952,1252,E01026534,63300,792,10,24031706009,285,0.00284
,24031,705901,24031705901,867,E01026709,79952,1252,E01026538,7125,65,4,24031705901,286,0.009102
,24031,704501,24031704501,860,E01026710,79952,1252,E01026428,56337,677,10,24031704501,287,0.004336
,24031,704502,24031704502,1555,E01026711,79952,1252,E01026438,7125,65,10,24031704502,288,0.004222
,24031,705902,24031705902,2513,E01026712,79952,1252,E01026451,7125,65,35,24031705902,289,0.000072
,24031,704600,24031704600,1557,E01026713,79952,1252,E01026499,7125,65,15,24031704600,290,0.004124
,24031,704503,24031704503,1556,E01026714,79952,1252,E01026509,7125,65,10,24031704503,291,0.005521
,24031,705903,24031705903,54,E01026715,48376,772,E01026430,7125,65,4,24031705903,292,0.007239
,24031,704700,24031704700,361,E01026716,79952,1252,E01026434,7125,65,20,24031704700,293,0.002029
,24031,705701,24031705701,373,E01026717,79952,1252,E01026457,7125,65,4,24031705701,294,0.004693
,24031,705702,24031705702,374,E01026718,79952,1252,E01026471,7125,65,20,24031705702,295,0.006921
,24031,701303,24031701303,825,E01026719,79952,1252,E01026484,2825,21,4,24031701303,296,0.005868
,24031,703202,24031703202,847,E01026720,79952,1252,E01026531,2825,21,10,24031703202,297,0.004584
,24031,703301,24031703301,1546,E01026721,79952,1252,E01026426,2825,21,15,24031703301,298,0.006669
,24031,703201,24031703201,846,E01026722,79952,1252,E01026427,2825,21,4,24031703201,299,0.013543
,24031,703302,24031703302,2470,E01026723,79952,1252,E01026513,2825,21,15,24031703302,300,0.002576
,24031,703214,24031703214,46,E01026724,48376,772,E01026876,2825,21,4,24031703214,301,0.008376
,24031,703402,24031703402,48,E01026725,48376,772,E01026865,83837,1036,10,24031703402,302,0.005119
,24031,703206,24031703206,1247,E01026726,23984,423,E01026759,83837,1036,10,24031703206,303,0.00714
,24031,703403,24031703403,49,E01026727,48376,772,E01026582,83837,1036,4,24031703403,304,0.005807
,24031,701201,24031701201,820,E01026728,79952,1252,E01026583,56337,677,15,24031701201,305,0.012845
,24031,703401,24031703401,47,E01026729,48376,772,E01026859,83837,1036,10,24031703401,306,0.006189
,24031,701202,24031701202,336,E01026730,79952,1252,E01026860,31525,400,4,24031701202,307,0.003882
,24031,701214,24031701214,340,E01026731,79952,1252,E01026807,56337,677,4,24031701214,308,0.005228
,24031,704300,24031704300,359,E01026732,79952,1252,E01026686,73600,924,4,24031704300,309,0.008721
,24031,703404,24031703404,1547,E01026733,79952,1252,E01026806,83837,1036,15,24031703404,310,0.003812
,24031,703601,24031703601,855,E01026734,79952,1252,E01026808,56712,691,4,24031703601,311,0.0054
,24031,704200,24031704200,858,E01026735,79952,1252,E01026687,43500,525,4,24031704200,312,0.002392
,24031,704100,24031704100,50,E01026736,48376,772,E01026802,16775,186,4,24031704100,313,0.00449
,24031,703602,24031703602,356,E01026737,79952,1252,E01026823,73600,924,4,24031703602,314,0.005295
,24031,703211,24031703211,1545,E01026738,79952,1252,E01026608,2825,21,4,24031703211,315,0.00714
,24031,703215,24031703215,354,E01026739,79952,1252,E01026636,2825,21,20,24031703215,316,0.007875
,24031,703212,24031703212,353,E01026740,79952,1252,E01026912,83837,1036,15,24031703212,317,0.009924
,24031,703207,24031703207,848,E01026741,79952,1252,E01026731,83837,1036,4,24031703207,318,0.01284
,24031,703702,24031703702,357,E01026742,79952,1252,E01026704,83837,1036,4,24031703702,319,0.004074
,24031,703800,24031703800,1551,E01026743,79952,1252,E01026707,56712,691,10,24031703800,320,0.00168
,24031,704000,24031704000,358,E01026744,79952,1252,E01026710,28640,345,20,24031704000,321,0.00685
,24031,703901,24031703901,1552,E01026745,79952,1252,E01026850,28640,345,4,24031703901,322,0.006054
,24031,703209,24031703209,2462,E01026746,79952,1252,E01026852,83837,1036,4,24031703209,323,0.004468
,24031,703902,24031703902,1553,E01026747,79952,1252,E01026728,83837,1036,10,24031703902,324,0.004427
,24031,703210,24031703210,2463,E01026748,79952,1252,E01026706,72450,900,4,24031703210,325,0.006565
,24031,703100,24031703100,845,E01026749,79952,1252,E01026734,72450,900,20,24031703100,326,0.001929
,24031,703000,24031703000,844,E01026750,79952,1252,E01026743,72450,900,4,24031703000,327,0.001881
,24031,702102,24031702102,2043,E01026751,48376,772,E01026845,72450,900,4,24031702102,328,0.00544
,24031,704402,24031704402,2486,E01026752,79952,1252,E01026659,7125,65,45,24031704402,329,0.004157
,24031,704801,24031704801,362,E01026753,79952,1252,E01026656,7125,65,4,24031704801,330,0.000866
,24031,704802,24031704802,51,E01026754,48376,772,E01026815,7125,65,10,24031704802,331,0.001453
,24031,705500,24031705500,371,E01026755,79952,1252,E01026829,30837,359,10,24031705500,332,0.005735
,24031,705602,24031705602,2507,E01026756,79952,1252,E01026796,7125,65,15,24031705602,333,0.004133
,24031,705100,24031705100,52,E01026757,48376,772,E01026558,16720,182,4,24031705100,334,0.005839
,24031,705400,24031705400,370,E01026758,79952,1252,E01026783,16620,177,4,24031705400,335,0.006512
,24031,705200,24031705200,368,E01026759,79952,1252,E01026785,50965,609,4,24031705200,336,0.006815
,24031,705300,24031705300,53,E01026760,48376,772,E01026693,16787,187,4,24031705300,337,0.002335
,24031,705601,24031705601,1563,E01026761,79952,1252,E01026782,7125,65,4,24031705601,338,0.004598
,24031,702800,24031702800,2453,E01026762,79952,1252,E01026828,72450,900,15,24031702800,339,0.003437
,24031,702700,24031702700,350,E01026763,79952,1252,E01026784,72450,900,4,24031702700,340,0.000564
,24031,702601,24031702601,2450,E01026764,79952,1252,E01026597,72450,900,10,24031702601,341,0.00008
,24031,702900,24031702900,351,E01026765,79952,1252,E01026572,72450,900,10,24031702900,342,0.001656
,24031,702302,24031702302,840,E01026766,79952,1252,E01026574,72450,900,4,24031702302,343,0.000599
,24031,702500,24031702500,2044,E01026767,48376,772,E01026883,72450,900,4,24031702500,344,0.000435
,24031,702200,24031702200,45,E01026768,48376,772,E01026862,72450,900,15,24031702200,345,0.001484
,24031,702402,24031702402,842,E01026769,79952,1252,E01026864,72450,900,10,24031702402,346,0.004097
,24031,702402,24031702402,842,E01026770,79952,1252,E01026881,72450,900,10,24031702402,347,0.002457
,24031,701800,24031701800,2440,E01026771,79952,1252,E01026884,76650,950,4,24031701800,348,0.000964
,24031,701701,24031701701,2438,E01026772,79952,1252,E01026867,76650,950,4,24031701701,349,0.000503
,11001,1702,11001001702,2146,E01026773,79952,1252,E01026934,50000,5,4,11001001702,350,0.003811
,24031,701407,24031701407,43,E01026774,48376,772,E01026933,18475,217,10,24031701407,351,0.011225
,24031,701507,24031701507,347,E01026775,79952,1252,E01026548,18475,217,10,24031701507,352,0.013068
,24031,701900,24031701900,2441,E01026776,79952,1252,E01026565,72450,900,4,24031701900,353,0.002311
,24031,701702,24031701702,2439,E01026777,79952,1252,E01026575,76650,950,10,24031701702,354,0.00116
,24031,702000,24031702000,2442,E01026778,79952,1252,E01026576,72450,900,10,24031702000,355,0.000437
,24031,700103,24031700103,309,E01026779,79952,1252,E01026577,99999,9999,10,24031700103,356,0.01793
,24031,700205,24031700205,310,E01026780,79952,1252,E01026593,21475,247,4,24031700205,357,0.013137
,24031,701212,24031701212,2409,E01026781,79952,1252,E01026681,65312,823,15,24031701212,358,0.013294
,24031,701304,24031701304,1524,E01026782,79952,1252,E01026698,58900,725,10,24031701304,359,0.009935
,24031,701312,24031701312,828,E01026783,79952,1252,E01026708,58900,725,4,24031701312,360,0.007582
,24031,701310,24031701310,827,E01026784,79952,1252,E01026825,58900,725,20,24031701310,361,0.004019
,24031,701308,24031701308,1525,E01026785,79952,1252,E01026834,58900,725,4,24031701308,362,0.010605
,24031,701414,24031701414,344,E01026786,79952,1252,E01026844,27250,338,25,24031701414,363,0.008788
,24031,701506,24031701506,346,E01026787,79952,1252,E01026688,84375,1038,4,24031701506,364,0.009153
,24031,701503,24031701503,1534,E01026788,79952,1252,E01026703,18475,217,4,24031701503,365,0.007739
,24031,701505,24031701505,345,E01026789,79952,1252,E01026816,84375,1038,10,24031701505,366,0.00686
,24031,701504,24031701504,835,E01026790,79952,1252,E01026618,84375,1038,10,24031701504,367,0.008463
,24031,701600,24031701600,348,E01026791,79952,1252,E01026589,72450,900,25,24031701600,368,0.004931
,24031,701416,24031701416,1532,E01026792,79952,1252,E01033041,27250,338,4,24031701416,369,0.004416
,24031,701417,24031701417,834,E01026793,79952,1252,E01026692,27250,338,10,24031701417,370,0.011482
,24031,702101,24031702101,837,E01026794,79952,1252,E01026811,72450,900,10,24031702101,371,0.004188
,24031,700605,24031700605,30,E01026796,48376,772,E01026781,56875,693,15,24031700605,372,0.014071
,24031,703701,24031703701,1550,E01026797,79952,1252,E01026549,83837,1036,10,24031703701,373,0.008125
,24031,702700,24031702700,350,E01026798,79952,1252,E01026680,72450,900,4,24031702700,374,0.006634
,24031,701410,24031701410,832,E01026799,79952,1252,E01026697,11750,113,10,24031701410,375,0.00195
,24031,703213,24031703213,2467,E01026800,79952,1252,E01026699,2825,21,25,24031703213,376,0.004094
,24031,701002,24031701002,332,E01026801,79952,1252,E01026700,67675,850,4,24031701002,377,0.004247
,24031,700102,24031700102,308,E01026802,79952,1252,E01026702,53325,632,20,24031700102,378,0.017382
,24031,700819,24031700819,38,E01026803,48376,772,E01026801,32025,402,20,24031700819,379,0.006066
,24031,700308,24031700308,796,E01026804,79952,1252,E01026822,32025,402,10,24031700308,380,0.005163
,24031,701309,24031701309,341,E01026805,79952,1252,E01026827,2762,19,4,24031701309,381,0.006785
,24031,700810,24031700810,1504,E01026806,79952,1252,E01026821,53325,632,10,24031700810,382,0.030119
,24031,700811,24031700811,1505,E01026807,79952,1252,E01026843,53325,632,4,24031700811,383,0.034101
,24031,700813,24031700813,325,E01026808,79952,1252,E01026701,53325,632,10,24031700813,384,0.013246
,24031,700610,24031700610,2356,E01026809,79952,1252,E01026705,99999,9999,10,24031700610,385,0.002593
,24031,700805,24031700805,810,E01026810,79952,1252,E01026908,31175,385,25,24031700805,386,0.007876
,24031,700711,24031700711,34,E01026811,48376,772,E01026928,65312,823,4,24031700711,387,0.00134
,24031,700705,24031700705,33,E01026812,48376,772,E01026611,31175,385,4,24031700705,388,0.000902
,24031,700302,24031700302,312,E01026813,79952,1252,E01026617,99999,9999,4,24031700302,389,0.000746
,24031,700808,24031700808,322,E01026814,79952,1252,E01026624,32025,402,15,24031700808,390,0.001441
,24031,700607,24031700607,31,E01026815,48376,772,E01026619,56875,693,4,24031700607,391,0.011917
,24031,706004,24031706004,376,E01026816,79952,1252,E01026612,63300,792,20,24031706004,392,0.004046
,24031,705800,24031705800,866,E01026817,79952,1252,E01026665,10500,104,10,24031705800,393,0.004476
,24031,703208,24031703208,352,E01026818,79952,1252,E01026664,43200,522,10,24031703208,394,0.013246
,24031,700816,24031700816,1243,E01026819,23984,423,E01026568,31175,385,10,24031700816,395,0.00009
,24031,705000,24031705000,364,E01026820,79952,1252,E01026562,16625,178,15,24031705000,396,0.005505
,24031,701001,24031701001,331,E01026821,79952,1252,E01026540,67675,850,10,24031701001,397,0.001573
,24031,701004,24031701004,40,E01026822,48376,772,E01026546,67675,850,4,24031701004,398,0.010109
,24031,700715,24031700715,2369,E01026823,79952,1252,E01026545,53325,632,35,24031700715,399,0.024949
,24031,700716,24031700716,320,E01026824,79952,1252,E01026566,99999,9999,20,24031700716,400,0.009047
,24031,706005,24031706005,377,E01026825,79952,1252,E01026748,63300,792,10,24031706005,401,0.011449
,24031,703501,24031703501,355,E01026826,79952,1252,E01026750,83837,1036,4,24031703501,402,0.005161
,24031,700904,24031700904,1510,E01026827,79952,1252,E01026751,67675,850,4,24031700904,403,0.00067
,24031,701313,24031701313,829,E01026828,79952,1252,E01026763,58900,725,10,24031701313,404,0.009701
,24031,700606,24031700606,316,E01026829,79952,1252,E01026766,56875,693,10,24031700606,405,0.016101
,24031,700704,24031700704,802,E01026830,79952,1252,E01026767,31175,385,4,24031700704,406,0.004851
,24031,700706,24031700706,2359,E01026831,79952,1252,E01026776,31175,385,4,24031700706,407,0.004703
,24031,700304,24031700304,2344,E01026832,79952,1252,E01026798,99999,9999,15,24031700304,408,0.004573
,24031,702301,24031702301,839,E01026833,79952,1252,E01026833,72450,900,4,24031702301,409,0.000329
,24031,706003,24031706003,375,E01026834,79952,1252,E01026764,63300,792,10,24031706003,410,0.020627
,24031,700806,24031700806,321,E01026835,79952,1252,E01026765,31175,385,10,24031700806,411,0.001457
,24031,700306,24031700306,27,E01026836,48376,772,E01026769,32025,402,10,24031700306,412,0.007355
,24031,700609,24031700609,801,E01026837,79952,1252,E01026770,99999,9999,10,24031700609,413,0.013851
,24031,700815,24031700815,326,E01026838,79952,1252,E01026778,32025,402,4,24031700815,414,0.005459
,24031,700604,24031700604,314,E01026839,79952,1252,E01026794,21825,249,15,24031700604,415,0.004756
,24031,700608,24031700608,32,E01026840,48376,772,E01026762,78650,982,15,24031700608,416,0.012377
,24031,700101,24031700101,307,E01026841,79952,1252,E01026768,99999,9999,4,24031700101,417,0.006445
,24031,701307,24031701307,826,E01026842,79952,1252,E01026749,99999,9999,10,24031701307,418,0.020089
,24031,701003,24031701003,39,E01026843,48376,772,E01026791,67675,850,10,24031701003,419,0.004133
,24031,701210,24031701210,823,E01026844,79952,1252,E01026543,63300,792,10,24031701210,420,0.007443
,24031,703502,24031703502,2472,E01026845,79952,1252,E01026571,56712,691,30,24031703502,421,0.004309
,24031,701415,24031701415,44,E01026846,48376,772,E01026732,18150,212,4,24031701415,422,0.015844
,24031,701409,24031701409,343,E01026848,79952,1252,E01026737,27250,338,10,24031701409,423,0.011058
,24031,700309,24031700309,28,E01026849,48376,772,E01026917,32025,402,10,24031700309,424,0.005586
,24031,701215,24031701215,2042,E01026850,48376,772,E01026941,56337,677,10,24031701215,425,0.000377
,24031,704401,24031704401,360,E01026852,79952,1252,E01026902,56337,677,10,24031704401,426,0.005529
,24033,800800,24033800800,57,E01026853,48376,772,E01026944,99999,9999,4,24033800800,427,0.00248
,24033,801302,24033801302,385,E01026855,79952,1252,E01026878,250,7,10,24033801302,428,0.022382
,24033,803606,24033803606,391,E01026856,79952,1252,E01026869,45612,542,4,24033803606,429,0.006153
,24033,803518,24033803518,1610,E01026857,79952,1252,E01026877,99999,9999,15,24033803518,430,0.01453
,24033,800408,24033800408,1573,E01026858,79952,1252,E01026914,33400,412,4,24033800408,431,0.001554
,24033,803517,24033803517,2049,E01026859,48376,772,E01026875,52975,631,10,24033803517,432,0.015971
,24033,803516,24033803516,1609,E01026860,79952,1252,E01026879,52975,631,30,24033803516,433,0.002829
,24033,800409,24033800409,1574,E01026861,79952,1252,E01026771,33400,412,15,24033800409,434,0.011636
,24033,801600,24033801600,2567,E01026862,79952,1252,E01026772,59505,747,10,24033801600,435,0.003725
,24033,801805,24033801805,2575,E01026863,79952,1252,E01026777,38975,495,4,24033801805,436,0.002563
,24033,801708,24033801708,2573,E01026864,79952,1252,E01026868,59505,747,10,24033801708,437,0.000841
,24033,801706,24033801706,2571,E01026865,79952,1252,E01026913,50750,607,20,24033801706,438,0.00432
,24033,801808,24033801808,1251,E01026866,23984,423,E01026644,38975,495,4,24033801808,439,0.013026
,24033,801407,24033801407,1593,E01026867,79952,1252,E01026588,59505,747,15,24033801407,440,0.024792
,24033,801702,24033801702,61,E01026868,48376,772,E01026591,77100,958,10,24033801702,441,0.002734
,24033,802501,24033802501,66,E01026869,48376,772,E01026580,75762,940,10,24033802501,442,0.000939
,24033,803001,24033803001,389,E01026870,79952,1252,E01026840,27400,340,4,24033803001,443,0.007553
,24033,802700,24033802700,892,E01026871,79952,1252,E01026948,13000,125,4,24033802700,444,0.000862
,24033,802803,24033802803,388,E01026872,79952,1252,E01026620,99999,9999,10,24033802803,445,0.01169
,24033,801804,24033801804,1596,E01026873,79952,1252,E01026891,38975,495,10,24033801804,446,0.008575
,24033,801802,24033801802,2574,E01026874,79952,1252,E01026899,38975,495,4,24033801802,447,0.005993
,24033,802405,24033802405,891,E01026875,79952,1252,E01026727,75762,940,15,24033802405,448,0.00228
,24033,801801,24033801801,63,E01026876,48376,772,E01026741,50750,607,10,24033801801,449,0.003831
,24033,801902,24033801902,387,E01026877,79952,1252,E01026742,75762,940,10,24033801902,450,0.001883
,24033,802406,24033802406,2592,E01026878,79952,1252,E01026746,75762,940,4,24033802406,451,0.003785
,24033,802001,24033802001,2585,E01026879,79952,1252,E01026826,75762,940,25,24033802001,452,0.004768
,24033,801500,24033801500,1594,E01026880,79952,1252,E01026725,28725,346,4,24033801500,453,0.006867
,24033,801406,24033801406,60,E01026881,48376,772,E01026726,59505,747,10,24033801406,454,0.018666
,24033,801403,24033801403,1590,E01026882,79952,1252,E01026729,29525,353,10,24033801403,455,0.022187
,24033,801704,24033801704,883,E01026883,79952,1252,E01026747,59505,747,4,24033801704,456,0.016321
,24033,801707,24033801707,62,E01026884,48376,772,E01026797,59505,747,10,24033801707,457,0.006235
,24033,801306,24033801306,58,E01026885,48376,772,E01026733,30575,358,10,24033801306,458,0.011677
,24033,801204,24033801204,1587,E01026886,79952,1252,E01026740,12600,122,15,24033801204,459,0.025179
,24033,801203,24033801203,877,E01026887,79952,1252,E01026787,99999,9999,10,24033801203,460,0.012222
,24033,802103,24033802103,886,E01026888,79952,1252,E01026789,99999,9999,4,24033802103,461,0.003088
,24033,801906,24033801906,2583,E01026889,79952,1252,E01026790,29000,347,4,24033801906,462,0.004486
,24033,802204,24033802204,64,E01026891,48376,772,E01026922,81250,1007,4,24033802204,463,0.015566
,24033,803505,24033803505,1607,E01026892,79952,1252,E01026640,43900,527,10,24033803505,464,0.006041
,24033,801205,24033801205,2553,E01026893,79952,1252,E01026544,17900,209,10,24033801205,465,0.003083
,24033,801207,24033801207,1588,E01026894,79952,1252,E01026554,17900,209,10,24033801207,466,0.010679
,24033,801206,24033801206,384,E01026895,79952,1252,E01026560,17900,209,10,24033801206,467,0.014923
,24033,801301,24033801301,1589,E01026896,79952,1252,E01026596,99999,9999,4,24033801301,468,0.012078
,24033,801001,24033801001,1583,E01026897,79952,1252,E01026599,9325,88,4,24033801001,469,0.00195
,24033,800603,24033800603,874,E01026898,79952,1252,E01026602,34712,432,4,24033800603,470,0.005781
,24033,800203,24033800203,1571,E01026899,79952,1252,E01026604,83025,1029,4,24033800203,471,0.004073
,24033,800202,24033800202,2523,E01026900,79952,1252,E01026606,45900,555,10,24033800202,472,0.007302
,24033,800103,24033800103,2521,E01026901,79952,1252,E01026607,45900,555,15,24033800103,473,0.001475
,24033,800208,24033800208,380,E01026902,79952,1252,E01026610,73650,926,20,24033800208,474,0.014545
,24033,800406,24033800406,872,E01026903,79952,1252,E01026613,33400,412,10,24033800406,475,0.01872
,24033,800402,24033800402,1572,E01026904,79952,1252,E01026614,8775,85,4,24033800402,476,0.006826
,24033,800605,24033800605,382,E01026905,79952,1252,E01026622,34712,432,10,24033800605,477,0.005554
,24033,801904,24033801904,885,E01026906,79952,1252,E01026633,12600,122,4,24033801904,478,0.004448
,24033,800505,24033800505,1575,E01026907,79952,1252,E01026641,8775,85,4,24033800505,479,0.004781
,24033,800702,24033800702,876,E01026908,79952,1252,E01026645,68300,852,4,24033800702,480,0.016509
,24033,801901,24033801901,2578,E01026909,79952,1252,E01026650,12600,122,30,24033801901,481,0.011086
,24033,800606,24033800606,1580,E01026910,79952,1252,E01026666,34712,432,25,24033800606,482,0.007956
,24033,800407,24033800407,2533,E01026911,79952,1252,E01026696,45612,542,20,24033800407,483,0.006111
,24033,803605,24033803605,1612,E01026912,79952,1252,E01026813,55400,664,15,24033803605,484,0.012825
,24033,801701,24033801701,2568,E01026913,79952,1252,E01026841,77100,958,15,24033801701,485,0.011105
,24033,802105,24033802105,888,E01026914,79952,1252,E01026853,75762,940,10,24033802105,486,0.005352
,24033,802104,24033802104,887,E01026915,79952,1252,E01026888,29000,347,4,24033802104,487,0.004734
,24033,800511,24033800511,1578,E01026916,79952,1252,E01026896,8775,85,20,24033800511,488,0.010407
,24033,800207,24033800207,2527,E01026917,79952,1252,E01026932,73650,926,10,24033800207,489,0.010107
,24033,802403,24033802403,890,E01026918,79952,1252,E01033038,99999,9999,10,24033802403,490,0.004842
,24033,802301,24033802301,2590,E01026919,79952,1252,E01033039,23025,270,4,24033802301,491,0.011462
,24033,802404,24033802404,65,E01026920,48376,772,E01033040,23025,270,4,24033802404,492,0.009417
,24033,801404,24033801404,59,E01026921,48376,772,E01026547,29525,353,10,24033801404,493,0.012009
,24033,800503,24033800503,2536,E01026922,79952,1252,E01026556,86710,1057,10,24033800503,494,0.012757
,24033,801308,24033801308,880,E01026924,79952,1252,E01026559,29525,353,15,24033801308,495,0.010321
,24033,803602,24033803602,2602,E01026925,79952,1252,E01026569,32500,405,4,24033803602,496,0.003043
,24033,802203,24033802203,889,E01026926,79952,1252,E01026570,23025,270,4,24033802203,497,0.009909
,24033,801202,24033801202,1585,E01026927,79952,1252,E01026573,17900,209,10,24033801202,498,0.008522
,24033,801002,24033801002,383,E01026928,79952,1252,E01026594,68300,852,10,24033801002,499,0.016315
,24033,801905,24033801905,1599,E01026929,79952,1252,E01026600,12600,122,4,24033801905,500,0.00729
,24033,800508,24033800508,873,E01026930,79952,1252,E01026623,8775,85,10,24033800508,501,0.021334
,24033,800509,24033800509,56,E01026931,48376,772,E01026635,43900,527,4,24033800509,502,0.012496
,24033,800701,24033800701,875,E01026932,79952,1252,E01026649,99999,9999,4,24033800701,503,0.022563
,24033,801402,24033801402,2561,E01026933,79952,1252,E01026676,59505,747,20,24033801402,504,0.011713
,24033,801405,24033801405,1592,E01026934,79952,1252,E01026684,59505,747,15,24033801405,505,0.006109
,24033,803300,24033803300,1606,E01026935,79952,1252,E01026689,34711,431,4,24033803300,506,0.005602
,24033,803519,24033803519,894,E01026936,79952,1252,E01026690,99999,9999,15,24033803519,507,0.005673
,24033,800105,24033800105,55,E01026937,48376,772,E01026695,45900,555,4,24033800105,508,0.004022
,24033,800510,24033800510,381,E01026938,79952,1252,E01026779,8775,85,10,24033800510,509,0.004997
,24033,800206,24033800206,871,E01026939,79952,1252,E01026809,99999,9999,10,24033800206,510,0.00029
,24033,801307,24033801307,879,E01026940,79952,1252,E01026837,29525,353,10,24033801307,511,0.021614
,24033,800210,24033800210,2529,E01026941,79952,1252,E01026842,73650,926,10,24033800210,512,0.006918
,24033,800106,24033800106,1570,E01026942,79952,1252,E01026872,45900,555,10,24033800106,513,0.006424
,24033,803512,24033803512,2048,E01026943,48376,772,E01026887,45825,553,20,24033803512,514,0.013976
,24033,803601,24033803601,895,E01026944,79952,1252,E01026918,74282,928,15,24033803601,515,0.004515
,24033,803515,24033803515,67,E01026945,48376,772,E01026939,44817,531,10,24033803515,516,0.010899
,24033,800504,24033800504,2537,E01026946,79952,1252,E01033435,8775,85,4,24033800504,517,0.001201
,24033,803514,24033803514,390,E01026947,79952,1252,E01033437,44817,531,15,24033803514,518,0.004606
,51031,20300,51031020300,2723,E01026948,79952,1252,E01033440,78688,1228,4,51031020300,519,0.012247
,51087,201201,51087201201,2102,E01033036,48376,772,E01033538,37032,620,20,51087201201,520,0.008136
,51087,201404,51087201404,609,E01033037,79952,1252,E01033540,99999,9999,15,51087201404,521,0.000896
,51099,990300,51099990300,610,E01033038,79952,1252,E01026605,99999,9999,4,51099990300,522,0.015932
,51099,990400,51099990400,2951,E01033039,79952,1252,E01026625,99999,9999,4,51099990400,523,0.042903
,51107,610100,51107610100,611,E01033040,79952,1252,E01026663,99999,9999,4,51107610100,524,0.022844
,51107,610700,51107610700,192,E01033041,48376,772,E01026832,65008,1005,10,51107610700,525,0.03122
,51107,610400,51107610400,614,E01033042,79952,1252,E01026857,44984,725,10,51107610400,526,0.01518
,51107,610501,51107610501,188,E01033434,48376,772,E01026936,44984,725,10,51107610501,527,0.008547
,51107,611008,51107611008,200,E01033435,48376,772,E01033037,99999,9999,10,51107611008,528,0.045054
,51107,610502,51107610502,189,E01033436,48376,772,E01033441,44984,725,4,51107610502,529,0.013345
,51107,611004,51107611004,197,E01033437,48376,772,E01026634,99999,9999,10,51107611004,530,0.035414
,51107,611001,51107611001,2970,E01033438,79952,1252,E01026637,99999,9999,60,51107611001,531,0.00086
,51107,611002,51107611002,195,E01033439,48376,772,E01026651,99999,9999,35,51107611002,532,0.005673
,51107,611101,51107611101,201,E01033440,48376,772,E01026824,99999,9999,10,51107611101,533,0.011206
,51107,611006,51107611006,627,E01033441,79952,1252,E01033541,99999,9999,15,51107611006,534,0.035535
,51107,611600,51107611600,211,E01033538,48376,772,E01033539,99999,9999,10,51107611600,535,0.011408
,51107,611005,51107611005,198,E01033539,48376,772,E01026539,99999,9999,30,51107611005,536,0.033952
,51107,611007,51107611007,199,E01033540,48376,772,E01033439,99999,9999,10,51107611007,537,0.064203
,51107,611003,51107611003,196,E01033541,48376,772,E01033438,99999,9999,25,51107611003,538,0.015024